{
    "avg_prec": 0.5141849543374308,
    "roc_auc": 0.9435932624427117
}